season,week,posteam,starter,finisher,finisher_attempts,starter_sh_attempts
2006,6,BAL,S.McNair,K.Boller,20,0
2006,7,DAL,D.Bledsoe,T.Romo,27,0
2006,11,GB,B.Favre,A.Rodgers,13,0
2006,11,PHI,D.McNabb,J.Garcia,42,0
2006,13,CLE,C.Frye,D.Anderson,18,0
2006,15,BAL,S.McNair,K.Boller,13,0
2006,15,JAX,M.Jones,D.Garrard,21,0
2006,15,TB,B.Gradkowski,T.Rattay,29,0
2006,16,ARI,M.Leinart,K.Warner,14,0
2006,16,MIA,J.Harrington,C.Lemon,18,0
2006,17,ATL,M.Vick,M.Schaub,23,1
2006,17,CHI,R.Grossman,B.Griese,16,0
2006,17,JAX,D.Garrard,Q.Gray,23,1
2006,17,NO,D.Brees,J.Martin,20,0
2006,17,PHI,J.Garcia,A.Feeley,17,0
2007,1,CLE,C.Frye,D.Anderson,18,0
2007,3,BUF,J.Losman,T.Edwards,11,0
2007,3,LV,J.McCown,D.Culpepper,14,0
2007,4,SF,A.Smith,T.Dilfer,22,0
2007,5,ARI,M.Leinart,K.Warner,14,0
2007,5,MIA,T.Green,C.Lemon,16,0
2007,6,ARI,K.Warner,T.Rattay,18,0
2007,7,ATL,B.Leftwich,J.Harrington,20,1
2007,7,HOU,M.Schaub,S.Rosenfels,33,0
2007,7,JAX,D.Garrard,Q.Gray,24,0
2007,8,CAR,V.Testaverde,D.Carr,25,0
2007,8,HOU,M.Schaub,S.Rosenfels,22,0
2007,9,DEN,J.Cutler,P.Ramsey,41,0
2007,9,MIN,T.Jackson,B.Bollinger,7,0
2007,10,CHI,B.Griese,R.Grossman,16,0
2007,11,MIN,S.Rice,T.Jackson,9,1
2007,11,PHI,D.McNabb,A.Feeley,13,0
2007,12,LA,M.Bulger,G.Frerotte,23,0
2007,13,GB,B.Favre,A.Rodgers,20,0
2007,13,HOU,M.Schaub,S.Rosenfels,22,0
2007,14,CHI,R.Grossman,B.Griese,26,0
2007,14,IND,P.Manning,J.Sorgi,5,1
2007,14,MIA,J.Beck,C.Lemon,30,0
2007,14,SF,T.Dilfer,S.Hill,29,0
2007,14,WAS,J.Campbell,T.Collins,15,0
2007,15,NYJ,K.Clemens,C.Pennington,33,0
2007,16,KC,B.Croyle,D.Huard,27,0
2007,16,LV,J.McCown,J.Russell,16,0
2007,16,TB,J.Garcia,L.McCown,31,0
2007,17,GB,B.Favre,C.Nall,11,0
2007,17,IND,P.Manning,J.Sorgi,17,0
2007,17,MIA,C.Lemon,J.Beck,20,0
2007,17,SEA,M.Hasselbeck,S.Wallace,24,0
2008,1,NE,T.Brady,M.Cassel,10,0
2008,2,KC,D.Huard,T.Thigpen,26,0
2008,5,BUF,T.Edwards,J.Losman,19,0
2008,5,DET,J.Kitna,D.Orlovsky,24,0
2008,7,KC,B.Croyle,T.Thigpen,12,0
2008,8,SF,J.O'Sullivan,S.Hill,25,0
2008,9,CHI,K.Orton,R.Grossman,19,0
2008,9,DAL,B.Johnson,B.Bollinger,18,0
2008,9,HOU,M.Schaub,S.Rosenfels,31,0
2008,9,PIT,B.Roethlisberger,B.Leftwich,12,0
2008,10,DET,D.Culpepper,D.Stanton,12,2
2008,10,LA,M.Bulger,T.Green,10,0
2008,12,LA,M.Bulger,T.Green,19,0
2008,12,PHI,D.McNabb,K.Kolb,23,0
2008,13,BUF,T.Edwards,J.Losman,20,0
2008,14,LV,J.Russell,A.Walter,19,0
2008,14,MIN,G.Frerotte,T.Jackson,11,0
2008,17,NYG,E.Manning,D.Carr,12,0
2008,17,PIT,B.Roethlisberger,B.Leftwich,7,0
2008,17,TEN,K.Collins,V.Young,11,0
2009,1,WAS,A.Randle El,J.Campbell,16,0
2009,2,SEA,M.Hasselbeck,S.Wallace,22,0
2009,3,CLE,B.Quinn,D.Anderson,20,0
2009,3,LA,M.Bulger,K.Boller,18,0
2009,5,NYG,E.Manning,D.Carr,8,0
2009,6,BUF,T.Edwards,R.Fitzpatrick,15,0
2009,6,DET,D.Culpepper,D.Stanton,14,0
2009,6,WAS,J.Campbell,T.Collins,16,0
2009,7,LV,J.Russell,B.Gradkowski,18,0
2009,7,SF,S.Hill,A.Smith,21,0
2009,10,DEN,K.Orton,C.Simms,16,0
2009,11,ARI,K.Warner,M.Leinart,14,0
2009,11,DEN,C.Simms,K.Orton,26,0
2009,12,ATL,M.Ryan,C.Redman,31,0
2009,13,NYJ,M.Sanchez,K.Clemens,5,2
2009,14,LV,B.Gradkowski,J.Russell,22,0
2009,14,TEN,V.Young,K.Collins,9,0
2009,15,DET,D.Culpepper,D.Stanton,19,0
2009,15,LV,C.Frye,J.Russell,12,2
2009,17,ARI,K.Warner,M.Leinart,13,0
2009,17,CIN,C.Palmer,J.O'Sullivan,11,0
2009,17,IND,P.Manning,C.Painter,12,0
2009,17,LA,K.Null,K.Boller,14,2
2009,17,LAC,P.Rivers,B.Volek,23,0
2009,17,LV,C.Frye,J.Russell,16,0
2009,17,MIA,C.Henne,T.Thigpen,8,0
2010,1,DET,M.Stafford,Sh.Hill,11,0
2010,1,PHI,K.Kolb,M.Vick,27,0
2010,2,LV,J.Campbell,B.Gradkowski,22,0
2010,2,PIT,D.Dixon,C.Batch,6,0
2010,4,ARI,D.Anderson,M.Hall,14,0
2010,4,CHI,J.Cutler,T.Collins,11,0
2010,4,PHI,M.Vick,K.Kolb,28,0
2010,5,CLE,S.Wallace,J.Delhomme,23,0
2010,5,LV,B.Gradkowski,J.Campbell,12,2
2010,6,DET,Sh.Hill,D.Stanton,30,0
2010,6,JAX,D.Garrard,T.Edwards,17,0
2010,7,ARI,M.Hall,D.Anderson,17,2
2010,7,DAL,T.Romo,J.Kitna,32,0
2010,7,SF,A.Smith,D.Carr,13,2
2010,8,ARI,M.Hall,D.Anderson,22,0
2010,8,DET,M.Stafford (3rd QB),M.Stafford,31,0
2010,9,CAR,M.Moore,J.Clausen,14,0
2010,10,MIA,C.Pennington,C.Henne,11,0
2010,10,TEN,K.Collins,V.Young,20,0
2010,13,MIN,B.Favre,T.Jackson,5,0
2010,14,CAR,A.Edwards,J.Clausen,20,0
2010,14,GB,A.Rodgers,M.Flynn,25,0
2010,15,MIN,B.Favre,J.Webb,23,0
2010,16,DAL,J.Kitna,S.McGee,18,0
2010,16,SEA,M.Hasselbeck,C.Whitehurst,15,0
2010,17,LV,K.Boller,J.Campbell,10,0
2010,20,CHI,J.Cutler,C.Hanie,20,1
2011,1,CIN,A.Dalton,B.Gradkowski,13,0
2011,3,SF,Ale.Smith,Alex Smith,16,0
2011,4,MIA,C.Henne,M.Moore,19,0
2011,5,DEN,K.Orton,T.Tebow,10,0
2011,5,SEA,T.Jackson,C.Whitehurst,21,2
2011,6,LV,J.Campbell,K.Boller,13,0
2011,8,SEA,C.Whitehurst,T.Jackson,31,1
2011,11,SEA,S.Rice,T.Jackson,7,0
2011,12,HOU,M.Leinart,T.Yates,9,0
2011,12,LA,B.Lloyd,S.Bradford,18,0
2011,14,ARI,K.Kolb,J.Skelton,19,0
2011,14,TEN,M.Hasselbeck,J.Locker,23,1
2011,16,DAL,T.Romo,S.McGee,27,0
2011,16,MIN,C.Ponder,J.Webb,6,2
2011,17,ATL,M.Ryan,C.Redman,8,0
2011,17,HOU,T.Yates,J.Delhomme,19,0
2011,17,MIN,C.Ponder,J.Webb,23,0
2012,3,CIN,M.Sanu,A.Dalton,12,0
2012,4,TEN,J.Locker,M.Hasselbeck,20,0
2012,7,JAX,B.Gabbert,C.Henne,18,0
2012,8,KC,B.Quinn,M.Cassel,20,0
2012,8,MIA,R.Tannehill,Matt.Moore,7,0
2012,10,CHI,J.Cutler,J.Campbell,19,0
2012,10,PHI,M.Vick,N.Foles,28,0
2012,10,PIT,B.Roethlisberger,B.Leftwich,14,2
2012,10,SF,A.Smith,C.Kaepernick,16,0
2012,11,ARI,J.Skelton,R.Lindley,15,0
2012,11,JAX,B.Gabbert,C.Henne,23,0
2012,11,KC,M.Cassel,B.Quinn,17,0
2012,14,ARI,J.Skelton,R.Lindley,19,1
2012,14,SEA,R.Wilson,M.Flynn,9,1
2012,16,ARI,R.Lindley,B.Hoyer,21,2
2012,16,LV,C.Palmer,M.Leinart,23,0
2012,17,BAL,J.Flacco,T.Taylor,17,0
2012,17,CIN,A.Dalton,B.Gradkowski,11,0
2013,5,CLE,B.Hoyer,B.Weeden,15,0
2013,5,PHI,M.Vick,N.Foles,18,0
2013,7,CHI,J.Cutler,J.McCown,20,0
2013,8,PHI,M.Vick,M.Barkley,21,0
2013,9,GB,A.Rodgers,S.Wallace,14,0
2013,10,GB,S.Wallace,S.Tolzien,17,0
2013,10,TEN,J.Locker,R.Fitzpatrick,29,0
2013,12,GB,S.Tolzien,M.Flynn,37,2
2013,12,NYJ,J.Cribbs,G.Smith,18,1
2013,13,MIN,C.Ponder,M.Cassel,35,0
2013,13,NYJ,G.Smith,M.Simms,21,0
2013,17,DEN,P.Manning,B.Osweiler,15,0
2013,17,NYG,E.Manning,C.Painter,8,0
2014,1,LA,S.Hill,A.Davis,27,0
2014,2,WAS,R.Griffin,K.Cousins,16,0
2014,3,JAX,C.Henne,B.Bortles,25,0
2014,3,MIN,M.Cassel,T.Bridgewater,16,0
2014,3,TB,J.McCown,M.Glennon,19,0
2014,5,NYJ,G.Smith,M.Vick,21,0
2014,5,TEN,J.Locker,C.Whitehurst,20,0
2014,7,WAS,K.Cousins,C.McCoy,14,0
2014,8,NYJ,G.Smith,M.Vick,23,0
2014,9,PHI,N.Foles,M.Sanchez,13,0
2014,15,HOU,R.Fitzpatrick,T.Savage,14,0
2014,15,TEN,J.Locker,C.Whitehurst,22,0
2014,15,WAS,C.McCoy,R.Griffin,17,0
2014,16,CLE,J.Manziel,B.Hoyer,14,0
2014,16,IND,P.McAfee,M.Hasselbeck,23,0
2014,17,IND,A.Luck,M.Hasselbeck,19,0
2014,17,NE,T.Brady,J.Garoppolo,20,0
2015,1,CLE,J.McCown,J.Manziel,21,0
2015,1,LV,D.Carr,M.McGloin,32,0
2015,2,CHI,J.Cutler,J.Clausen,18,0
2015,5,HOU,R.Mallett,B.Hoyer,18,0
2015,6,PIT,M.Vick,L.Jones,13,1
2015,8,NYJ,R.Fitzpatrick,G.Smith,35,2
2015,10,PIT,L.Jones,B.Roethlisberger,10,0
2015,14,CIN,A.Dalton,A.McCarron,29,0
2015,15,DAL,M.Cassel,K.Moore,18,0
2015,15,HOU,T.Yates,B.Weeden,14,0
2015,15,TEN,M.Mariota,Z.Mettenberger,23,0
2015,16,IND,M.Hasselbeck,C.Whitehurst,14,0
2015,17,ARI,C.Palmer,D.Stanton,20,0
2015,17,DEN,B.Osweiler,P.Manning,10,1
2015,17,TEN,Z.Mettenberger,A.Tanney,17,2
2015,17,WAS,K.Cousins,C.McCoy,9,0
2016,2,NE,J.Garoppolo,J.Brissett,9,0
2016,4,DEN,T.Siemian,P.Lynch,16,0
2016,5,CLE,C.Kessler,C.Whitehurst,20,0
2016,7,CHI,B.Hoyer,M.Barkley,13,0
2016,7,CLE,C.Kessler,K.Hogan,22,0
2016,7,NYJ,G.Smith,R.Fitzpatrick,13,0
2016,8,KC,A.Smith,N.Foles,14,1
2016,10,CLE,C.Kessler,J.McCown,16,2
2016,13,CAR,D.Anderson,C.Newton,18,0
2016,13,NYJ,R.Fitzpatrick,B.Petty,26,0
2016,15,HOU,B.Osweiler,T.Savage,29,0
2016,16,NYJ,B.Petty,R.Fitzpatrick,13,0
2016,17,DAL,D.Prescott,M.Sanchez,14,0
2016,17,HOU,T.Savage,B.Osweiler,29,0
2016,17,LV,M.McGloin,C.Cook,21,0
2017,1,HOU,T.Savage,D.Watson,27,0
2017,4,TEN,M.Mariota,M.Cassel,12,0
2017,5,CLE,D.Kizer,K.Hogan,19,0
2017,5,MIN,S.Bradford,C.Keenum,18,0
2017,6,GB,A.Rodgers,B.Hundley,27,0
2017,6,SF,B.Hoyer,C.Beathard,24,0
2017,6,TB,J.Winston,R.Fitzpatrick,25,0
2017,7,ARI,C.Palmer,D.Stanton,11,0
2017,7,CLE,D.Kizer,C.Kessler,21,1
2017,7,MIA,J.Cutler,M.Moore,22,1
2017,8,BAL,J.Flacco,R.Mallett,7,0
2017,9,TB,J.Winston,R.Fitzpatrick,17,0
2017,11,BUF,N.Peterman,T.Taylor,26,0
2017,11,MIA,J.Cutler,M.Moore,29,0
2017,14,BUF,N.Peterman,J.Webb,5,2
2017,14,HOU,T.Savage,T.Yates,21,0
2017,15,DEN,T.Siemian,B.Osweiler,7,0
2017,17,MIA,J.Cutler,D.Fales,32,0
2017,17,PHI,N.Foles,N.Sudfeld,18,0
2018,1,TEN,M.Mariota,B.Gabbert,22,2
2018,3,CLE,T.Taylor,B.Mayfield,19,0
2018,3,TEN,B.Gabbert,M.Mariota,12,0
2018,4,TB,R.Fitzpatrick,J.Winston,22,0
2018,7,JAX,B.Bortles,C.Kessler,34,0
2018,11,TEN,M.Mariota,B.Gabbert,16,0
2018,12,CIN,A.Dalton,J.Driskel,30,0
2018,13,WAS,C.McCoy,M.Sanchez,13,0
2018,14,NYJ,J.McCown,S.Darnold,18,0
2018,16,TEN,M.Mariota,B.Gabbert,11,0
2018,17,GB,A.Rodgers,D.Kizer,25,0
2019,1,JAX,N.Foles,G.Minshew,18,0
2019,2,NO,D.Brees,T.Bridgewater,22,0
2019,2,NYJ,T.Siemian,L.Falk,25,0
2019,2,PIT,B.Roethlisberger,M.Rudolph,20,0
2019,4,CHI,M.Trubisky,C.Daniel,10,0
2019,4,WAS,C.Keenum,D.Haskins,15,0
2019,5,CLE,O.Beckham,B.Mayfield,7,0
2019,5,PIT,M.Rudolph,D.Hodges,9,2
2019,7,KC,P.Mahomes,M.Moore,17,0
2019,7,MIA,A.Wilson,R.Fitzpatrick,25,0
2019,8,WAS,C.Keenum,D.Haskins,7,0
2019,9,IND,J.Brissett,B.Hoyer,22,0
2019,12,PIT,M.Rudolph,D.Hodges,13,2
2019,13,JAX,N.Foles,G.Minshew II,30,0
2019,16,ARI,K.Murray,B.Hundley,10,2
2019,16,WAS,D.Haskins,C.Keenum,23,1
2019,17,BUF,J.Allen,M.Barkley,26,0
2019,17,CAR,W.Grier,K.Allen,31,0
2019,18,PHI,C.Wentz,J.McCown,19,0
2020,2,DEN,D.Lock,J.Driskel,23,0
2020,2,SF,J.Garoppolo,N.Mullens,13,0
2020,3,CHI,M.Trubisky,N.Foles,30,2
2020,5,DAL,D.Prescott,A.Dalton,12,2
2020,5,SF,J.Garoppolo,C.Beathard,20,0
2020,5,WAS,K.Allen,A.Smith,16,0
2020,6,CLE,B.Mayfield,C.Keenum,10,2
2020,9,WAS,K.Allen,A.Smith,25,0
2020,10,NO,D.Brees,J.Winston,12,0
2020,14,JAX,M.Glennon,G.Minshew II,31,1
2020,14,WAS,A.Smith,D.Haskins,13,0
2020,15,LV,D.Carr,M.Mariota,22,0
2020,16,DET,M.Stafford,D.Blough,11,0
2020,16,NE,C.Newton,J.Stidham,12,0
2020,16,TB,T.Brady,B.Gabbert,16,0
2020,17,BUF,J.Allen,M.Barkley,13,0
2020,18,LA,J.Wolford,J.Goff,10,0
2021,1,WAS,R.Fitzpatrick,T.Heinicke,11,0
2021,2,CHI,A.Dalton,J.Fields,10,0
2021,2,HOU,Ty.Taylor,D.Mills,19,0
2021,2,MIA,T.Tagovailoa,J.Brissett,20,0
2021,4,DEN,T.Bridgewater,D.Lock,24,0
2021,4,SF,J.Garoppolo,T.Lance,19,0
2021,5,NYG,D.Jones,M.Glennon,24,0
2021,7,NYJ,Z.Wilson,M.White,27,0
2021,8,NO,J.Winston,T.Siemian,19,0
2021,9,NYJ,M.White,J.Johnson,36,0
2021,10,MIA,J.Brissett,T.Tagovailoa,15,2
2021,14,BAL,L.Jackson,T.Huntley,31,0
2021,18,GB,A.Rodgers,J.Love,19,0
2021,18,NO,T.Hill,T.Siemian,9,0
2022,2,SF,T.Lance,J.Garoppolo,11,0
2022,9,CAR,P.Walker,B.Mayfield,20,0
2022,11,LA,M.Stafford,B.Perkins,12,2
2022,15,HOU,J.Driskel,D.Mills,14,1
2022,18,MIN,K.Cousins,N.Mullens,13,0
2022,18,TB,T.Brady,K.Trask,9,0
2023,1,NYJ,A.Rodgers,Z.Wilson,14,0
2023,2,IND,A.Richardson,G.Minshew,10,0
2023,5,IND,A.Richardson,G.Minshew,9,0
2023,9,NYG,D.Jones,T.DeVito,23,0
2023,11,CIN,J.Burrow,J.Browning,13,0
2023,12,NE,M.Jones,B.Zappe,15,0
2023,16,NYG,T.DeVito,T.Taylor,14,0
2023,17,TEN,W.Levis,R.Tannehill,17,0
2024,7,LV,A.O'Connell,G.Minshew,18,0
2024,8,GB,J.Love,M.Willis,6,2
2025,11,CLE,D.Gabriel,S.Sanders,18,0
2025,11,PIT,A.Rodgers,M.Rudolph,16,0
2025,12,TB,B.Mayfield,T.Bridgewater,17,0
2025,16,MIN,J.McCarthy,M.Brosmer,10,0
2025,18,HOU,C.Stroud,D.Mills,9,0
2025,18,MIN,J.McCarthy,M.Brosmer,10,1
